row,col,value
0,0,25.063334867188534
0,1,25.0906885432831
0,2,26.04565509692701
0,3,26.38977102420823
0,4,27.107529250022893
0,5,27.062104332397723
0,6,27.795832005394654
0,7,28.13760332794307
0,8,28.231193285706333
0,9,29.209619007239674
0,10,29.759413944090394
0,11,29.817659331705986
0,12,30.44952299542585
0,13,31.004573389820315
0,14,30.408138642616777
0,15,30.90070820906281
0,16,31.658813930435315
0,17,32.21844528343993
0,18,32.513675659450826
0,19,32.613140014925214
0,20,32.92474739481365
0,21,33.12376878416974
0,22,33.71381821118971
0,23,33.533863806799026
0,24,33.90938300917519
0,25,33.69994969068937
0,26,34.26504785907665
0,27,34.4329544140335
0,28,34.395673929218894
0,29,34.02123811051026
0,30,34.77158152146103
0,31,34.64399308647438
0,32,34.305788969182345
0,33,33.85757520008174
0,34,34.60067277867124
0,35,34.322247944862625
0,36,34.12896531726181
0,37,33.21596137845915
0,38,33.828162219843065
0,39,33.139179501770776
0,40,32.70887286572203
0,41,32.215073833870775
0,42,32.110464194820445
0,43,32.27120264863301
0,44,31.278983957163767
0,45,30.77169426052731
0,46,31.198629256145573
0,47,30.34190210275779
0,48,30.500421730096985
0,49,29.32430478256744
0,50,29.012847680447866
0,51,29.03779676096309
0,52,28.824632229161843
0,53,27.712207409302355
0,54,27.42601809103691
0,55,27.518825623755294
0,56,26.615944833077016
0,57,26.369102712867704
0,58,25.89507071241938
0,59,25.811515233626068
1,0,25.122485353777947
1,1,25.27900669572333
1,2,26.529777873730147
1,3,26.651736993688363
1,4,27.514966668788855
1,5,27.461469910473202
1,6,28.167084675914776
1,7,28.68619156931384
1,8,28.579374187857344
1,9,28.972221772354395
1,10,29.851205523222895
1,11,29.858364116272966
1,12,30.66696433942418
1,13,30.605175982938547
1,14,31.272363800792757
1,15,32.03825139754647
1,16,32.37767939270501
1,17,31.992542008553613
1,18,32.55198077881375
1,19,32.50481430607875
1,20,32.84221867630208
1,21,34.01061589452453
1,22,34.00261691670547
1,23,33.737264084835694
1,24,34.2163545018892
1,25,34.857228569743576
1,26,34.59331236623682
1,27,34.371081656250745
1,28,34.84040533800756
1,29,35.07279939420012
1,30,35.227065225198295
1,31,35.00496624690556
1,32,34.544368823727126
1,33,34.91049283651517
1,34,34.81471246076748
1,35,34.580246470263624
1,36,34.250859815790946
1,37,34.208312506486
1,38,33.91851771061385
1,39,33.652662619842715
1,40,32.866949158499835
1,41,33.01839948391451
1,42,32.522729797443404
1,43,32.62880253259593
1,44,31.481999636136244
1,45,31.719765550099947
1,46,31.56847095885114
1,47,30.88053498442181
1,48,30.088717926555432
1,49,29.72727572121036
1,50,29.75179798566752
1,51,29.041184737442826
1,52,28.512477171470987
1,53,28.77811399637538
1,54,28.39166396758061
1,55,27.30953299288111
1,56,27.48597056818126
1,57,26.405452904688385
1,58,26.11131919846753
1,59,25.795719789047837
2,0,25.11294247804773
2,1,26.24739678408215
2,2,26.484361635316098
2,3,26.670970484688812
2,4,27.063898969181036
2,5,27.627267223149147
2,6,28.464624784430658
2,7,28.170190436927083
2,8,29.37281853281722
2,9,29.26249107633529
2,10,30.3942891240879
2,11,30.03895347444512
2,12,30.781255094927015
2,13,31.272131778707205
2,14,31.82870522596784
2,15,32.38674478835368
2,16,32.33274926955376
2,17,32.71977241574535
2,18,33.1300345605855
2,19,33.86157336974106
2,20,33.830435003707954
2,21,34.18595304360388
2,22,34.54781162057187
2,23,34.26462020150589
2,24,34.64723851892732
2,25,34.51317898876889
2,26,35.55004659337695
2,27,35.56851716574968
2,28,35.06928487769331
2,29,35.21117463799983
2,30,35.57005297582473
2,31,35.433570418950566
2,32,35.50990834262955
2,33,35.29437597671599
2,34,35.58801265241992
2,35,35.12763090968951
2,36,34.43314626821666
2,37,34.34733097548224
2,38,33.966704857475406
2,39,34.322930809900434
2,40,33.99859921973584
2,41,33.01628353787834
2,42,33.05299196986981
2,43,33.003654569165334
2,44,32.36796803262409
2,45,31.756068548619545
2,46,31.271204063511206
2,47,31.13339019601457
2,48,30.637339238917903
2,49,30.02236861652334
2,50,30.279646937909785
2,51,29.178798983005514
2,52,28.9316736432019
2,53,28.87425305821072
2,54,28.4853761101817
2,55,27.527299663943687
2,56,26.80450186951627
2,57,26.833585545682705
2,58,26.465008734048634
2,59,26.025377913522625
3,0,25.49635713747203
3,1,26.179595735538594
3,2,26.719834041077874
3,3,27.440850723910867
3,4,27.553828003441442
3,5,27.971273323025397
3,6,28.36017252512142
3,7,28.98964089456161
3,8,28.829957202662644
3,9,30.1642896626624
3,10,30.27297038590142
3,11,30.200654207351025
3,12,31.332003115857017
3,13,31.370107724280004
3,14,31.419783711357194
3,15,31.7716566940819
3,16,32.385410830695676
3,17,32.97186103535183
3,18,33.53016920523661
3,19,33.420176177514506
3,20,33.61275760051294
3,21,34.76628508941159
3,22,35.11127692048703
3,23,35.12673596238501
3,24,35.30390983625511
3,25,35.64583370239234
3,26,35.75981190620291
3,27,35.54763112241565
3,28,36.047830735924826
3,29,36.16360555640295
3,30,35.57719031379881
3,31,35.826018405498374
3,32,35.81684923296159
3,33,35.57535453562177
3,34,35.91464823903094
3,35,35.31652231175911
3,36,35.50877494839805
3,37,35.257537674039625
3,38,34.815458866479986
3,39,33.920503384527905
3,40,34.53629440831908
3,41,34.169086500485186
3,42,32.96661703773153
3,43,33.46321222289119
3,44,32.74848118211839
3,45,32.61494999724856
3,46,31.474729881357288
3,47,31.1899465317095
3,48,30.733711253375393
3,49,30.891757998415112
3,50,30.49086570778811
3,51,30.14802232466605
3,52,29.09688037516728
3,53,28.517764439769895
3,54,28.02510269362537
3,55,28.207489748696112
3,56,27.498862151350327
3,57,26.59552076166688
3,58,26.836394670380713
3,59,25.787735759793872
4,0,26.139254574123456
4,1,26.400128205006105
4,2,26.744446604088417
4,3,27.029835846682946
4,4,27.615592219770363
4,5,27.901870703373707
4,6,28.383621846501363
4,7,29.354235561787682
4,8,29.725610367310757
4,9,30.174545781893926
4,10,30.33717460183294
4,11,30.59172727646054
4,12,31.712235833008773
4,13,32.062820668108415
4,14,32.435839232097706
4,15,32.28207139804521
4,16,33.01802127051466
4,17,32.98156446007135
4,18,33.41773693157391
4,19,33.78736487229914
4,20,34.888719080988146
4,21,34.31120695910981
4,22,35.51767769369786
4,23,35.58445016812207
4,24,35.23281229941938
4,25,35.86660744222726
4,26,36.51736896210091
4,27,36.55029170754555
4,28,35.85384875112478
4,29,36.866326463938314
4,30,36.188914223424774
4,31,36.12465906968193
4,32,35.926302375829934
4,33,36.113492606071596
4,34,35.983626753621735
4,35,36.12496108190357
4,36,35.16951467571295
4,37,34.94373934313424
4,38,35.23739937283292
4,39,34.58680312475657
4,40,34.1228792060687
4,41,34.42176295185198
4,42,33.27032453812943
4,43,33.4939963129051
4,44,32.73574169930108
4,45,32.474430306912645
4,46,31.824319486596913
4,47,31.32651812351481
4,48,31.63968930868293
4,49,30.456993801883684
4,50,30.39746486600169
4,51,29.992324297449784
4,52,29.92248303390137
4,53,29.21366705532191
4,54,28.633841997356736
4,55,27.765119691226115
4,56,28.076449673445538
4,57,26.809107559899434
4,58,26.54837518452342
4,59,26.031751575085064
5,0,26.01012650841798
5,1,26.29225727338697
5,2,27.081496427402367
5,3,27.1528431706442
5,4,27.475307089427332
5,5,28.42862831429876
5,6,29.00975404545179
5,7,28.854905402487006
5,8,29.666234810280635
5,9,29.75548273158344
5,10,31.132532460796718
5,11,31.294126531095976
5,12,31.596168711135185
5,13,32.10198047877592
5,14,32.48343539072032
5,15,32.44286054726733
5,16,33.60325973860623
5,17,33.89677983945287
5,18,33.66199614713836
5,19,34.07839058695948
5,20,34.3876043808609
5,21,34.80677484738896
5,22,35.57635329071113
5,23,36.11370752632526
5,24,36.12581629488061
5,25,36.025180160230974
5,26,36.55175759396662
5,27,37.12214009714143
5,28,36.96303614671973
5,29,37.33784376426317
5,30,36.70713308435211
5,31,36.42061263864329
5,32,36.39535905293066
5,33,36.39175137952484
5,34,36.45908069131788
5,35,36.421710995866675
5,36,35.75963981957513
5,37,35.8964638604029
5,38,36.004431568457896
5,39,35.5803828410168
5,40,34.7453589195253
5,41,34.53113465099964
5,42,33.79367436765234
5,43,33.202997305252296
5,44,33.30368169495251
5,45,32.4726320616897
5,46,31.939814331462657
5,47,31.908704757949955
5,48,31.93210461551306
5,49,30.991085930900812
5,50,31.07030345808476
5,51,30.12105028020166
5,52,29.469868312817656
5,53,29.32255513514607
5,54,28.357680516251158
5,55,28.57891056974951
5,56,28.09541606957865
5,57,27.88359906869019
5,58,26.456439483995048
5,59,26.11731489346815
6,0,26.005208640560006
6,1,26.86464776807615
6,2,27.387964121650434
6,3,28.011997166566683
6,4,27.55685338940182
6,5,29.002314929759507
6,6,29.276089302327108
6,7,29.21681849002453
6,8,30.257476047122168
6,9,30.0073230218137
6,10,31.286410621575193
6,11,31.713222345278545
6,12,31.965100255054693
6,13,31.915214651246025
6,14,33.12035682219337
6,15,33.56508240112018
6,16,33.31073362983427
6,17,34.41203220731006
6,18,34.7461281225569
6,19,34.31233110311533
6,20,35.462133987794715
6,21,35.26762918817017
6,22,36.31424180237588
6,23,36.11357637558203
6,24,36.05817978875697
6,25,36.65572918821397
6,26,37.282667107631745
6,27,37.37304675140534
6,28,36.98917657643727
6,29,37.103851288848965
6,30,37.8634203585068
6,31,37.49678501416028
6,32,37.33160372212543
6,33,36.749304045074496
6,34,37.06224996764782
6,35,36.749156840656525
6,36,36.824365668182
6,37,36.02660526826322
6,38,35.51939295200303
6,39,35.63764466750751
6,40,35.590372643476236
6,41,34.334488487328315
6,42,34.26593586019355
6,43,34.4234805344204
6,44,33.68854672320992
6,45,32.80525871793644
6,46,32.99577927048044
6,47,32.28453619062369
6,48,31.36575157335448
6,49,30.90194617942842
6,50,30.747445329666636
6,51,30.388328181677075
6,52,30.403541750858707
6,53,29.176190269885954
6,54,28.66524191231419
6,55,28.084098857836782
6,56,27.64930536596344
6,57,27.503064393700637
6,58,27.39607786894342
6,59,26.508907050622298
7,0,26.493112788476317
7,1,27.158781912852866
7,2,27.157839313486097
7,3,27.95693270964029
7,4,27.892495290704165
7,5,28.919544128600453
7,6,28.70254934563002
7,7,29.35472167059719
7,8,30.103645928548747
7,9,30.687558997808683
7,10,31.01130693037151
7,11,31.135427647280693
7,12,32.25791036475226
7,13,32.24994742885286
7,14,32.548532830774604
7,15,33.779510719105836
7,16,33.456281061550015
7,17,33.894077085901856
7,18,34.219813886890236
7,19,34.87427356078477
7,20,35.11516113134148
7,21,35.591077217611954
7,22,36.05491711072301
7,23,36.91222558313925
7,24,36.680284699972674
7,25,36.84019784190896
7,26,37.712393956510454
7,27,37.777196397850275
7,28,37.35491437457078
7,29,37.578022827427255
7,30,37.873393030559285
7,31,37.57254259550355
7,32,38.283476840648824
7,33,37.22681979598861
7,34,37.51976792871447
7,35,37.58055051776219
7,36,37.065610187374546
7,37,36.871871960941434
7,38,35.80173073524213
7,39,35.46749603814835
7,40,35.821475675871966
7,41,34.92668172448476
7,42,34.98850129646313
7,43,34.507088325405306
7,44,33.92263444244444
7,45,33.38710743322292
7,46,33.30705059529965
7,47,32.426004900770856
7,48,32.22118453532863
7,49,31.81968576958639
7,50,30.600300935947377
7,51,30.499189465752764
7,52,29.93272266942927
7,53,30.034468485698277
7,54,29.323548713691423
7,55,28.978028955890274
7,56,28.132895486978438
7,57,28.128214223636586
7,58,27.081566623886893
7,59,26.27008658955152
8,0,26.154701166691595
8,1,27.23344361881471
8,2,27.570891397891383
8,3,28.292292491553077
8,4,28.225502435776004
8,5,28.681497849472954
8,6,29.46720630750502
8,7,29.34867299162367
8,8,30.24455463891541
8,9,31.27577463020547
8,10,31.465232753468488
8,11,31.37861289634366
8,12,31.76991369280714
8,13,32.624709619453405
8,14,33.44526605960772
8,15,33.35634258327475
8,16,34.393698238366476
8,17,34.74130260172663
8,18,34.75788458680525
8,19,35.24107419343928
8,20,36.05447082458112
8,21,35.831615735533674
8,22,36.39838455666873
8,23,37.12448409677627
8,24,37.53888777642478
8,25,37.479830004394266
8,26,37.78233618697146
8,27,38.14218449212676
8,28,37.99967846244406
8,29,38.389441599366464
8,30,38.94403982959219
8,31,38.314799159229146
8,32,38.483770286609214
8,33,38.07782202575275
8,34,37.647562207913595
8,35,38.07627031712717
8,36,36.925951126940234
8,37,36.96084236760203
8,38,36.53073620328195
8,39,36.100925578827585
8,40,35.75409895038979
8,41,35.0226779844928
8,42,34.99407694487164
8,43,34.709272918372754
8,44,34.1635812795424
8,45,33.963989107285094
8,46,33.36675292024159
8,47,32.21671640889577
8,48,32.398465911086284
8,49,32.05103639211895
8,50,31.49288175109098
8,51,30.972198710676775
8,52,30.14553326761473
8,53,29.63078027039415
8,54,28.96200289030271
8,55,28.35445797243839
8,56,28.238923748579023
8,57,27.80369497585554
8,58,27.563081176933494
8,59,26.57254974873666
9,0,26.261198390605962
9,1,27.04010584775961
9,2,27.397309795482244
9,3,27.99100973642776
9,4,28.182069872823103
9,5,28.756321138485415
9,6,29.44439172174576
9,7,29.801474742893724
9,8,30.21430046141309
9,9,30.57588934539899
9,10,31.349324348588926
9,11,31.93077240848104
9,12,32.285113988011524
9,13,33.17698495770736
9,14,33.41019337233162
9,15,34.01111029630053
9,16,34.772120198050885
9,17,34.335959555978995
9,18,35.58353912448076
9,19,35.74025632232962
9,20,36.163983983592104
9,21,36.13171262097582
9,22,36.88147739337361
9,23,37.56581997841813
9,24,37.81676961881902
9,25,38.22995420478923
9,26,38.83859184001823
9,27,38.61223958240352
9,28,39.21837882601745
9,29,39.233569730076454
9,30,39.2615545804811
9,31,39.41682459292533
9,32,39.170555435047156
9,33,38.871707038146624
9,34,38.758982078942694
9,35,38.0415846282121
9,36,37.62500610419461
9,37,37.63592765091943
9,38,37.3052781829892
9,39,36.485011661799966
9,40,36.15622614424395
9,41,35.19279084820028
9,42,34.89676047050274
9,43,34.257999037209665
9,44,34.05189145205664
9,45,34.07940529837624
9,46,33.42089275360455
9,47,33.35182250938053
9,48,32.599354153583874
9,49,31.505698329989116
9,50,31.156827091352945
9,51,31.284809483467807
9,52,30.38500821649835
9,53,29.6296038644553
9,54,29.846185559462402
9,55,29.362148942466675
9,56,28.044776985465585
9,57,27.694504189465256
9,58,27.223333985384166
9,59,26.75480011165426
10,0,26.93535888970065
10,1,26.588592436703006
10,2,27.656825816268878
10,3,27.9400713135904
10,4,28.518584665769573
10,5,28.900889664440815
10,6,29.180905432531702
10,7,29.57219808219787
10,8,30.580873899797876
10,9,31.47472678146522
10,10,31.675979617396546
10,11,32.507704346798974
10,12,32.98265487163205
10,13,33.09537674582834
10,14,33.44323367383771
10,15,34.33419666874957
10,16,34.25266195176643
10,17,34.777579852387184
10,18,35.52042435602796
10,19,35.4328346733426
10,20,36.15405229012943
10,21,37.17937543291989
10,22,37.00969225212765
10,23,37.69874218573289
10,24,38.03220183806066
10,25,38.8146565807
10,26,38.391774891815565
10,27,39.0733119938159
10,28,39.69779487775545
10,29,39.51152317651058
10,30,39.33820438319101
10,31,39.67051852543676
10,32,39.030539063953775
10,33,39.10996447917971
10,34,38.34034239906058
10,35,38.89227696569547
10,36,37.784513061365224
10,37,37.223473890353624
10,38,37.188255848443966
10,39,36.86072994816793
10,40,36.72131338195718
10,41,35.724580579409086
10,42,35.63403544081146
10,43,34.58586754487416
10,44,34.45028538785153
10,45,33.98177554451211
10,46,33.13324146991374
10,47,33.473294248267145
10,48,32.92862152023049
10,49,31.602228548523062
10,50,31.448693571911175
10,51,31.285270748238897
10,52,30.96149848552196
10,53,30.25354158025692
10,54,29.49473304870311
10,55,29.317191128445685
10,56,28.78952928808771
10,57,28.43384457059993
10,58,27.179274228994725
10,59,27.161960887276436
11,0,26.32765129602384
11,1,26.99241381448034
11,2,27.68905186625469
11,3,28.109748061488432
11,4,28.789496265195368
11,5,29.600583019459787
11,6,30.151767264922707
11,7,29.72890780433074
11,8,30.602393974735527
11,9,31.632540128070396
11,10,32.14533373280739
11,11,31.995444078715465
11,12,32.8913478995398
11,13,32.78826280018985
11,14,33.6878827809902
11,15,34.41379765353003
11,16,34.97683534018309
11,17,35.13552793149302
11,18,35.21912343134994
11,19,35.88850766740411
11,20,36.14581612386911
11,21,37.19739429411432
11,22,37.738726494289494
11,23,37.72854116352837
11,24,38.70798351872607
11,25,38.80560369235507
11,26,38.67205982095386
11,27,39.192161447074035
11,28,39.25479912080188
11,29,40.207244049071356
11,30,39.81662330618718
11,31,40.099671944349176
11,32,39.73040152828819
11,33,38.99366476474634
11,34,38.944945506204256
11,35,39.05070007402149
11,36,38.33839072696208
11,37,37.55574556318225
11,38,37.50263936557534
11,39,36.654273742880335
11,40,36.817646219537416
11,41,36.29578397958369
11,42,35.21079005628957
11,43,35.026731362029786
11,44,34.75919513652334
11,45,34.2935037610877
11,46,34.099683841529455
11,47,33.13352595504688
11,48,32.75742995055711
11,49,31.697156184818326
11,50,31.830582233951258
11,51,31.221756640998116
11,52,30.839097458939833
11,53,30.38811322205967
11,54,29.881598257837886
11,55,28.975064589672666
11,56,28.208330718485207
11,57,28.595509677474798
11,58,27.275377746793534
11,59,27.112789767851535
12,0,26.371056594878517
12,1,27.077320722916138
12,2,28.042698225064367
12,3,27.854147323762454
12,4,28.6828541287065
12,5,29.339454894839694
12,6,29.79428577243103
12,7,30.320500276852858
12,8,31.058385898733732
12,9,31.56367269668912
12,10,32.196016705218035
12,11,32.18770445170219
12,12,32.48158000191429
12,13,33.607494255662786
12,14,34.19068838132154
12,15,33.80152918807508
12,16,34.99016654780158
12,17,35.38738403044029
12,18,35.755527064405854
12,19,36.24788220280274
12,20,36.79710309631337
12,21,36.722398844359695
12,22,38.08844062474771
12,23,37.75852237387142
12,24,38.32394290266901
12,25,39.173776412582654
12,26,39.79337069412435
12,27,39.96169288865732
12,28,39.81511593464224
12,29,39.91814866649802
12,30,40.20130066069474
12,31,40.125326251392345
12,32,40.40954763620349
12,33,39.453396621554006
12,34,39.453901536824134
12,35,39.187170709180236
12,36,38.704645776310606
12,37,38.213328252975025
12,38,37.781557058035645
12,39,37.28654230454892
12,40,37.003746832996455
12,41,35.79210847503445
12,42,35.69542245461669
12,43,35.090851872564606
12,44,34.860630308213906
12,45,34.673932868273745
12,46,33.88689305070745
12,47,33.416778058970074
12,48,33.16271150481991
12,49,32.74536897110635
12,50,31.441578647808882
12,51,30.839730106301918
12,52,31.18200924457748
12,53,30.21931678778823
12,54,29.77364933129992
12,55,29.52385330738222
12,56,28.93092075394587
12,57,27.997609155674418
12,58,27.273272452967696
12,59,27.038196528394387
13,0,26.586986028139677
13,1,26.834075334894422
13,2,27.33877236903113
13,3,28.562919740243526
13,4,29.151833575574216
13,5,29.76341486914269
13,6,30.144208125092298
13,7,30.08276572569092
13,8,30.794503643490003
13,9,30.864460359033348
13,10,32.110945457939074
13,11,31.89192451731523
13,12,32.944377499430864
13,13,33.60427038142595
13,14,34.32411346289698
13,15,34.32649321964247
13,16,34.418604068381505
13,17,35.610459039699506
13,18,35.75538547400849
13,19,35.88290843259176
13,20,36.6028830697153
13,21,37.023172312467
13,22,38.0056129544103
13,23,37.88210938468762
13,24,39.130274004062436
13,25,39.33185878283838
13,26,40.02604195453079
13,27,40.61558717364086
13,28,40.79739817444917
13,29,41.07184219781987
13,30,41.29784102136356
13,31,40.84786146991594
13,32,40.20342672441383
13,33,40.46081295931416
13,34,39.67534841467251
13,35,39.00328638928944
13,36,38.84349671726893
13,37,38.63050574407955
13,38,38.07782870120284
13,39,37.778320089754764
13,40,37.23305978561558
13,41,36.52745722869914
13,42,35.843317575290854
13,43,35.25082152925486
13,44,34.96254783827621
13,45,33.931798033805165
13,46,34.31940795947038
13,47,33.251989185243545
13,48,33.14307907939328
13,49,32.39525023679398
13,50,31.419118695419144
13,51,31.79094000705888
13,52,30.32810339776378
13,53,30.450355090104352
13,54,29.631049541213603
13,55,29.11792050587321
13,56,28.443714313424415
13,57,28.148775482081884
13,58,28.012615469093756
13,59,27.193334348894197
14,0,26.53159836865519
14,1,26.964403602008847
14,2,28.036523302735475
14,3,28.10683588495037
14,4,29.293416181285824
14,5,29.449290464295977
14,6,29.92406484664041
14,7,30.552554005565373
14,8,31.011189746929052
14,9,31.187478504278452
14,10,32.01443851196273
14,11,31.875746409288443
14,12,33.30038159020471
14,13,33.7194178830955
14,14,33.55239089538589
14,15,34.435979446927654
14,16,34.65681809899773
14,17,35.081509403414344
14,18,36.206360518974776
14,19,36.85503264266615
14,20,36.583732661524756
14,21,36.986443768508046
14,22,37.66969876904738
14,23,38.51895943700315
14,24,38.87725968443688
14,25,39.45119445694804
14,26,40.160609645121475
14,27,40.19986720817653
14,28,41.23315214863063
14,29,41.182335398775784
14,30,41.39776747435251
14,31,40.878262341566185
14,32,40.765651646927466
14,33,39.94475963787415
14,34,39.63466281640417
14,35,38.9180238982183
14,36,38.48973181572064
14,37,38.45407862420719
14,38,38.208166975135335
14,39,37.43754048879889
14,40,37.04041603634789
14,41,36.343810144034684
14,42,35.81050662596399
14,43,35.58304588465709
14,44,35.026084885697934
14,45,34.73332183352577
14,46,33.486048213124896
14,47,33.61285719529196
14,48,32.76867317713003
14,49,32.56424727405731
14,50,32.33509434974675
14,51,31.237373875385465
14,52,30.456597742756173
14,53,30.589484956714514
14,54,29.74211866112234
14,55,29.790576042871546
14,56,28.69421573466224
14,57,28.3457428476617
14,58,27.59088135466529
14,59,26.904328975746413
15,0,27.014334879566107
15,1,26.923157388525475
15,2,27.99421607396208
15,3,28.490884756256627
15,4,28.4991288131387
15,5,29.815797457015506
15,6,30.01596839753267
15,7,30.72179507159334
15,8,30.901156959020273
15,9,31.088459903398242
15,10,31.64748567179661
15,11,32.08478539908331
15,12,32.69890394098448
15,13,33.08592916470304
15,14,33.72472715975103
15,15,34.856967082756974
15,16,34.49275400852758
15,17,35.1048117928254
15,18,35.63400822750354
15,19,36.20481832493165
15,20,37.256462078857425
15,21,37.178203794925665
15,22,37.494674289783504
15,23,38.89787544391991
15,24,38.61978598923715
15,25,39.191451884115004
15,26,39.815840260106995
15,27,40.51025438090763
15,28,41.4166884302896
15,29,41.82164219471552
15,30,42.40932387077291
15,31,41.95949483354143
15,32,40.79368722236754
15,33,39.99497358020882
15,34,40.13934519933574
15,35,39.33494127364477
15,36,38.76676235402117
15,37,38.395754222607856
15,38,37.67249405751516
15,39,37.4829013847181
15,40,36.90782987901393
15,41,36.24464375322916
15,42,36.3224963360838
15,43,35.39180231339542
15,44,34.666202907657116
15,45,34.515588143380604
15,46,33.88004466193389
15,47,32.99962651161489
15,48,32.51710758425108
15,49,32.62647800053664
15,50,32.33006263278472
15,51,31.840133208349098
15,52,30.709939418408027
15,53,30.235286048155405
15,54,29.39539498948019
15,55,29.7450702860917
15,56,28.752621744452867
15,57,28.351198228354534
15,58,28.305396795067704
15,59,26.876467496556366
16,0,27.230012483299625
16,1,27.734081645516056
16,2,27.834389941525007
16,3,27.921631338534986
16,4,29.273431083833238
16,5,29.713517143770236
16,6,29.503627566393472
16,7,30.390910470985023
16,8,30.926635062762962
16,9,31.55428595862686
16,10,31.56121357666365
16,11,32.06322075328959
16,12,33.31064781684034
16,13,33.32731381316846
16,14,33.95097639265687
16,15,34.03545495351073
16,16,35.07489131241734
16,17,35.53022626636554
16,18,36.34020592182261
16,19,36.14820896752937
16,20,37.34115232815183
16,21,37.74399432970312
16,22,38.21935833952822
16,23,38.831531397509345
16,24,38.78689585785606
16,25,39.73053130763663
16,26,39.84030354761105
16,27,40.610685323218135
16,28,40.753726916427624
16,29,41.69796883029703
16,30,41.29349873128699
16,31,41.69083982863922
16,32,40.96945675965031
16,33,40.456255476146794
16,34,40.21297519938735
16,35,39.34651980715394
16,36,39.31793887243145
16,37,38.7422670972077
16,38,37.5764662492936
16,39,37.665415488712426
16,40,36.872106595101585
16,41,36.42875280868946
16,42,35.753753051138354
16,43,35.059135777972394
16,44,35.181430733375585
16,45,33.945127757135076
16,46,34.21059870527122
16,47,33.453685149824636
16,48,32.929408073259886
16,49,32.41512453360901
16,50,31.38961153925518
16,51,31.64143193792272
16,52,31.320891546748303
16,53,30.028810569821935
16,54,29.951330561783063
16,55,29.184316436262254
16,56,28.567587851815432
16,57,28.53451671085752
16,58,28.065649838279928
16,59,27.343826599659682
17,0,26.771446436258902
17,1,27.264237670847415
17,2,27.47255409276281
17,3,28.0340109203157
17,4,28.68820293673139
17,5,29.12442545347779
17,6,29.353292565646242
17,7,30.12896072730938
17,8,30.47352332908411
17,9,31.806271484658318
17,10,31.479417968276977
17,11,32.136897374852644
17,12,33.119295369461426
17,13,32.945970966462106
17,14,33.59007410226138
17,15,34.24800303588443
17,16,35.24777745417469
17,17,35.67361921345269
17,18,36.034560250732916
17,19,36.82522215950243
17,20,37.18802044245361
17,21,36.88456853650132
17,22,37.54765758941345
17,23,37.99078629584653
17,24,39.04410533113225
17,25,38.85482703442785
17,26,39.85357936645222
17,27,40.42359475531498
17,28,40.347373731782156
17,29,40.71233574354837
17,30,40.562380898250424
17,31,40.423508879628145
17,32,40.64301793556543
17,33,39.70682156408464
17,34,39.787005690978106
17,35,39.382053087257106
17,36,38.33555258006878
17,37,38.06528600986539
17,38,37.9783365640118
17,39,37.28173612435881
17,40,36.39517304289562
17,41,36.797696258915764
17,42,35.67516615086968
17,43,34.93837080588509
17,44,34.77583559160375
17,45,33.96514052447187
17,46,33.89291336528717
17,47,33.53539536945358
17,48,32.487707717711125
17,49,32.56808833805825
17,50,32.23853729366162
17,51,30.968356439481095
17,52,30.49271045010898
17,53,29.805546302756788
17,54,30.20125563414628
17,55,28.924990930857188
17,56,28.558922901593466
17,57,28.746829689586768
17,58,27.47021970453283
17,59,27.071533783913363
18,0,26.486903940972137
18,1,27.055882548775525
18,2,28.15139282574186
18,3,28.039927190183434
18,4,28.96128765131294
18,5,29.34043577307133
18,6,29.51389954083566
18,7,29.889198694490837
18,8,30.613977242325753
18,9,31.389056910031307
18,10,31.716398385173488
18,11,32.12303486835878
18,12,32.55565110485609
18,13,33.080127226354456
18,14,33.659915544802395
18,15,34.07273481357414
18,16,35.0425290721944
18,17,35.2723337850201
18,18,35.87254968037534
18,19,36.683849719582454
18,20,36.3787407710857
18,21,36.695263901255565
18,22,37.897767797489514
18,23,37.81936407152411
18,24,38.51690503489708
18,25,39.422255751987755
18,26,39.07552107886293
18,27,39.98180133987241
18,28,40.37982746654932
18,29,40.398342639857596
18,30,40.89107513938585
18,31,40.31308490159329
18,32,40.51973183697921
18,33,40.01417858618158
18,34,39.92473314516631
18,35,38.97707953745437
18,36,39.09917885150586
18,37,38.58287165573718
18,38,37.48129557023344
18,39,37.54350026480051
18,40,36.8853769819369
18,41,36.70090931739833
18,42,35.30618526100144
18,43,35.334132681050924
18,44,34.44677602698969
18,45,34.53406820897075
18,46,33.84760938370348
18,47,33.56347949752418
18,48,32.76516537690001
18,49,32.129662256101135
18,50,31.599662655522565
18,51,31.73174224366636
18,52,30.996478798298952
18,53,29.93501740065445
18,54,30.232685282999658
18,55,28.98037864632381
18,56,28.678726786777347
18,57,28.662937617217423
18,58,28.217347862980898
18,59,26.913880692650515
19,0,26.647012562748216
19,1,27.66152285019022
19,2,27.80104925515912
19,3,27.934902068244448
19,4,28.5156795926055
19,5,29.158247286572426
19,6,30.027280297628394
19,7,30.652498518666047
19,8,31.001094527644934
19,9,31.424378040955855
19,10,31.782135328323406
19,11,32.09392963185671
19,12,32.88238277843037
19,13,32.84484112735505
19,14,33.85770854030988
19,15,34.229062110239134
19,16,34.82317284228395
19,17,34.63356509151686
19,18,35.40931052441181
19,19,35.929319466646696
19,20,36.08547228883518
19,21,37.22613942483437
19,22,37.22892612647918
19,23,37.7242930987746
19,24,38.515712032157595
19,25,39.23341953165747
19,26,39.38659212882089
19,27,39.47280007407621
19,28,39.96162847279441
19,29,39.62287280920332
19,30,40.43275320764757
19,31,40.28767407933889
19,32,39.95639622999858
19,33,39.35422634229377
19,34,39.351007808304985
19,35,38.43580626913666
19,36,38.83660796966159
19,37,37.966392208538544
19,38,37.28529534199284
19,39,37.28030099653274
19,40,36.05002624756664
19,41,35.9550006858785
19,42,35.51475120445949
19,43,35.5741308560397
19,44,34.84487576785166
19,45,34.12607043955153
19,46,33.232249982164184
19,47,32.66205471266105
19,48,32.6330684666309
19,49,32.592033475476846
19,50,31.9550758263997
19,51,31.432988312245246
19,52,30.77294985026898
19,53,30.491727271930586
19,54,29.736874958572717
19,55,28.714656788955324
19,56,28.455412104410108
19,57,28.160430557147425
19,58,27.722839342570573
19,59,27.318626345802688
20,0,26.704608923348058
20,1,27.438152916224816
20,2,27.25787619087361
20,3,28.208882774029938
20,4,28.088886562346257
20,5,29.46697845176357
20,6,29.721318054314832
20,7,30.53870898969485
20,8,30.459668798097763
20,9,30.73638905475205
20,10,31.872870677414664
20,11,32.53889173091504
20,12,32.16696748007251
20,13,33.38893813371546
20,14,33.29075813646599
20,15,33.99805647801174
20,16,34.021242505097725
20,17,35.42238831859461
20,18,35.271929938698094
20,19,36.12682643981423
20,20,36.441455954064004
20,21,36.92403757539131
20,22,37.297733390224096
20,23,37.357482724337416
20,24,38.43176680002576
20,25,38.610845777900266
20,26,38.90504592411844
20,27,39.31968867039554
20,28,38.78533507304512
20,29,39.16029667593039
20,30,39.52507578241304
20,31,39.436608960304675
20,32,38.871877749687776
20,33,39.49231516195877
20,34,38.37030676622069
20,35,37.958129750551954
20,36,37.681642471144556
20,37,37.91361365376753
20,38,36.76071833155959
20,39,36.99602396948947
20,40,36.41184518130261
20,41,36.125207528417356
20,42,34.99660659459216
20,43,34.943381413805206
20,44,34.84563884589473
20,45,34.403362289523066
20,46,33.075470123416785
20,47,32.92659931790624
20,48,32.19826946488935
20,49,32.47437821772483
20,50,31.26256774698069
20,51,30.96258903898254
20,52,31.0577786966362
20,53,29.603705008916798
20,54,29.085544601312815
20,55,28.62750694277199
20,56,28.69053269394529
20,57,28.183630921286298
20,58,27.983085528147058
20,59,27.093949496307303
21,0,26.44229370695408
21,1,26.94489985402332
21,2,27.253954160580687
21,3,28.063598836197713
21,4,28.0452236825831
21,5,29.462652432132558
21,6,29.28086259020935
21,7,30.17523141192651
21,8,30.168856437906264
21,9,30.730124047083706
21,10,31.11292891771297
21,11,31.47513618791508
21,12,32.07456284007461
21,13,33.063472694329484
21,14,33.75904210408745
21,15,33.337011407801924
21,16,34.62821218911296
21,17,34.30248354489868
21,18,35.224969722039894
21,19,35.32689349777294
21,20,36.03534434145155
21,21,36.67874804052756
21,22,36.617265678843474
21,23,37.29108038216107
21,24,38.13999718315067
21,25,38.07619933489613
21,26,37.93154856246273
21,27,38.51198107896622
21,28,39.20287475743851
21,29,38.88105406729275
21,30,38.58229144821529
21,31,38.90563421830121
21,32,38.67891626298948
21,33,39.031350229947485
21,34,38.62966682596419
21,35,38.20348689032872
21,36,37.84648364726985
21,37,37.474562090343845
21,38,37.22716426653978
21,39,36.743323818158196
21,40,35.608807201410066
21,41,35.36550165869885
21,42,35.3458392124687
21,43,34.62276826045612
21,44,33.89000972777433
21,45,33.74077446850595
21,46,33.39447321183533
21,47,32.88220897979353
21,48,32.51828256991049
21,49,32.063174587722465
21,50,31.07045062877173
21,51,30.601802112281582
21,52,30.855652955787043
21,53,30.29474210743385
21,54,29.152006985093323
21,55,29.138043722762102
21,56,28.448389502790793
21,57,28.29254829529403
21,58,27.87006132501007
21,59,27.162661123894573
22,0,26.840964572431368
22,1,26.747729318079898
22,2,27.31780712269204
22,3,27.471441956042085
22,4,28.35195798505845
22,5,28.78597143292714
22,6,29.076324540444272
22,7,29.318041760817692
22,8,30.499751474257053
22,9,31.243646600525704
22,10,30.988200582911578
22,11,31.672106230609927
22,12,32.3495147234658
22,13,32.60666567008844
22,14,32.65310815938849
22,15,33.454054654067846
22,16,33.60740373726472
22,17,34.66441987931828
22,18,34.97354302174379
22,19,35.67118694425874
22,20,36.06806189710153
22,21,36.06072774487074
22,22,36.37236764648136
22,23,36.68240033389558
22,24,37.768897996783686
22,25,37.85273443683794
22,26,37.497764862044505
22,27,37.88738701964817
22,28,38.77174430627444
22,29,38.45760892876978
22,30,38.93755345654824
22,31,38.52871896544649
22,32,38.21283822072922
22,33,37.80476557337234
22,34,38.35974369171431
22,35,37.52409963402477
22,36,37.70822778616478
22,37,36.542597287493585
22,38,36.3613164858408
22,39,36.08121302666846
22,40,35.70758543306104
22,41,35.885512220556784
22,42,35.128292409459036
22,43,34.89564902698247
22,44,33.769343910217245
22,45,33.827859946378915
22,46,33.22491366489398
22,47,32.20627946678868
22,48,32.126070010492995
22,49,31.468244019807813
22,50,31.67493556072875
22,51,30.736613167795692
22,52,30.08644271132094
22,53,30.211482293735695
22,54,29.105788741102224
22,55,28.673807228224995
22,56,28.151670690105178
22,57,27.895995137507054
22,58,27.310010832621426
22,59,27.00577503615157
23,0,26.17241844149131
23,1,27.207037492214827
23,2,27.070548715447547
23,3,27.857056580878425
23,4,28.60405478529646
23,5,28.307411570523858
23,6,29.61873409932748
23,7,30.083321550941776
23,8,29.78873070733808
23,9,30.825261068354973
23,10,30.805386773703123
23,11,31.260310141694237
23,12,31.941768304962277
23,13,32.88980185161068
23,14,32.58196761313218
23,15,33.62891939494886
23,16,34.20824741890128
23,17,34.705348214631776
23,18,34.24395339892956
23,19,35.25648821717209
23,20,35.6281114470624
23,21,35.689895558325134
23,22,36.14607915617635
23,23,37.06896591399711
23,24,36.75259567815859
23,25,36.75963858506102
23,26,37.88832002133885
23,27,37.9512002387313
23,28,37.80409589887152
23,29,37.4805126145629
23,30,38.0375741984643
23,31,38.08186138917009
23,32,38.02931326120606
23,33,37.31109714810261
23,34,37.678931415921
23,35,37.45650747732013
23,36,36.85941579466228
23,37,36.909851703156804
23,38,36.542644896822516
23,39,35.68437441793963
23,40,35.34657468157118
23,41,35.337173445596875
23,42,35.08537177063568
23,43,33.96457294597752
23,44,33.86456924135032
23,45,33.47480580718082
23,46,33.302578454613155
23,47,32.41843196665389
23,48,32.169434974412134
23,49,31.56079695461659
23,50,31.358371144156372
23,51,30.97025678390961
23,52,30.575581165544115
23,53,30.022238868942555
23,54,29.55562672845723
23,55,28.250304666676165
23,56,27.945571720453756
23,57,27.353360064235336
23,58,27.636135958105736
23,59,26.48697448871892
24,0,25.812477624957637
24,1,26.52788235325572
24,2,26.877101212640483
24,3,27.793235945662328
24,4,27.608303152111368
24,5,28.6230078862401
24,6,28.582211193712737
24,7,29.251003302841994
24,8,29.87373180917532
24,9,30.59636955610233
24,10,30.585698440825308
24,11,31.25095650524482
24,12,31.969677463934687
24,13,31.763536054266762
24,14,32.28954591932537
24,15,33.21314007401079
24,16,33.438859974526494
24,17,34.4051247982352
24,18,34.63754457257695
24,19,34.52150919198367
24,20,35.276887345916265
24,21,35.79069464844001
24,22,36.1276636084864
24,23,36.67699023141895
24,24,36.04545973624182
24,25,36.74833189926553
24,26,36.65309865055388
24,27,37.59412247031786
24,28,37.09497145459143
24,29,37.45411974793125
24,30,37.48465001829321
24,31,37.86443193276685
24,32,37.77109287512595
24,33,36.92438707850617
24,34,37.49470146036696
24,35,36.4754921581637
24,36,36.0696148092536
24,37,36.12704683096972
24,38,35.397772400786444
24,39,35.87682877105833
24,40,34.97554124632977
24,41,35.096010922000254
24,42,34.11932805754375
24,43,34.34889224406675
24,44,33.67711946431141
24,45,33.24401181916951
24,46,33.08551482827164
24,47,32.71609722751269
24,48,31.52846618997165
24,49,31.113842282822578
24,50,30.696610247486824
24,51,30.411996572709615
24,52,30.336165835168522
24,53,28.98811201115789
24,54,29.17334060700748
24,55,28.65249848867446
24,56,28.11531870797676
24,57,27.751684940760345
24,58,26.9594621366452
24,59,26.191448093808955
25,0,26.27914414800916
25,1,26.82554112846565
25,2,27.08937791331841
25,3,27.54755926837147
25,4,28.02600540976424
25,5,28.4285323473231
25,6,28.499021021806417
25,7,29.311579074796104
25,8,29.457384957468662
25,9,30.145434441861234
25,10,30.87750754596517
25,11,31.282123601745667
25,12,31.216371680295822
25,13,32.312671953166
25,14,32.74265117285754
25,15,32.67815239579413
25,16,32.85329609351209
25,17,33.59599423058367
25,18,34.000016730369616
25,19,34.881405176445284
25,20,35.02402997287061
25,21,35.355407718507344
25,22,35.15282020123515
25,23,35.54759262875944
25,24,35.71454901822829
25,25,36.611271425266864
25,26,36.16510578204251
25,27,36.93748461785221
25,28,36.529660909055224
25,29,36.95685500024946
25,30,36.725491111675076
25,31,36.73344654888275
25,32,36.55348928156617
25,33,36.77723628957805
25,34,36.52492100212996
25,35,36.20036498127027
25,36,36.43516334600106
25,37,35.50780908556053
25,38,35.08695870246478
25,39,35.518634959608484
25,40,35.3261054576129
25,41,34.68990116489701
25,42,33.653686209959744
25,43,33.94165513339166
25,44,33.040389200173344
25,45,33.04470566906203
25,46,32.289801973864606
25,47,31.772522772671483
25,48,31.38981397887105
25,49,30.908709503426163
25,50,30.862296184109557
25,51,30.39973260732046
25,52,30.125108548490626
25,53,29.593872851210683
25,54,28.649935411400733
25,55,27.857214097278582
25,56,27.928661743273295
25,57,27.267379296340707
25,58,26.63120030068766
25,59,26.6337963256301
26,0,26.05026729649819
26,1,25.824433871946663
26,2,26.88717790291611
26,3,27.079418744160918
26,4,27.626453398956375
26,5,27.760742286019138
26,6,28.26174261060714
26,7,29.40059787492211
26,8,29.822401385703508
26,9,30.151777340245346
26,10,30.73621406699705
26,11,30.755515916004697
26,12,30.966367309717455
26,13,31.776850696230714
26,14,32.30476995525312
26,15,32.5801554163199
26,16,32.88292772837724
26,17,33.07328098015751
26,18,33.272082573286085
26,19,33.92438724025366
26,20,34.51856090954436
26,21,34.74262584265809
26,22,34.821001466389234
26,23,35.288950041313086
26,24,35.720600437887605
26,25,35.74020819886162
26,26,35.59632115161402
26,27,36.535730907060746
26,28,36.219444766791135
26,29,36.221099866250846
26,30,36.204186682670304
26,31,35.97943479828001
26,32,36.39644173673241
26,33,35.803747559523636
26,34,36.06435165930847
26,35,36.33800290301486
26,36,36.04245589483553
26,37,35.757863631481456
26,38,34.70907721391872
26,39,34.884051155054436
26,40,34.162710687479446
26,41,33.74533230111909
26,42,33.93331645403457
26,43,33.116374161649425
26,44,33.30752985762215
26,45,32.93596774507406
26,46,32.306028277715015
26,47,31.90650244378238
26,48,31.5348732487093
26,49,30.51728675470363
26,50,30.309616746412686
26,51,30.332351963340436
26,52,29.85572097685005
26,53,29.339738344663218
26,54,28.96870465541471
26,55,28.159993880254188
26,56,28.02365014790921
26,57,27.48930321537923
26,58,26.36983817480702
26,59,25.970175511802708
27,0,25.206180510006543
27,1,25.75269318168831
27,2,26.732066459418142
27,3,27.33196183665709
27,4,27.346966756624038
27,5,27.65666827768154
27,6,28.89352469641951
27,7,29.15777233964092
27,8,28.94142486908705
27,9,30.214759516584756
27,10,30.528535205532634
27,11,30.54752446718719
27,12,30.97185571033974
27,13,31.802684734792784
27,14,31.38077707970265
27,15,32.088790395654264
27,16,32.22657495332261
27,17,32.82702622273682
27,18,32.974767520742745
27,19,33.319837860617504
27,20,33.62318067931402
27,21,34.82721394762095
27,22,35.11741336165837
27,23,35.12817350928355
27,24,34.89628786895475
27,25,35.3685095041681
27,26,35.83205284082476
27,27,35.506679316333305
27,28,35.769783786130596
27,29,35.45193199767978
27,30,35.95830385954779
27,31,35.889738939359695
27,32,36.05858352694631
27,33,36.01729571222278
27,34,36.06966924486375
27,35,35.72709501202027
27,36,34.70569007754601
27,37,34.67315446150883
27,38,35.099986709371436
27,39,34.52142717267917
27,40,33.707888387392515
27,41,33.37077545499347
27,42,33.71845707096647
27,43,33.23864485086364
27,44,32.56628449902567
27,45,32.43053292907179
27,46,31.741776799355303
27,47,31.858088153636967
27,48,31.328572780154637
27,49,30.69735680974774
27,50,30.12711444593353
27,51,29.584223838327684
27,52,29.014679731567284
27,53,29.09068603336102
27,54,28.604192735709173
27,55,27.881262739201027
27,56,27.910653902830866
27,57,26.92226451708681
27,58,26.61499648118481
27,59,26.155658130647616
28,0,25.377969351967874
28,1,26.22245170573247
28,2,26.392992727470276
28,3,26.73926865377184
28,4,27.041276386438625
28,5,27.43567564482619
28,6,28.332739248146343
28,7,28.487834324779847
28,8,28.73116327659436
28,9,29.81213258359021
28,10,29.956275629312753
28,11,30.2936324425732
28,12,30.377094513968377
28,13,30.828701489605617
28,14,31.594284112328072
28,15,31.83119749180617
28,16,31.89113998206672
28,17,32.4915387356706
28,18,33.087242216005095
28,19,32.92439763581504
28,20,33.24385990737972
28,21,33.67776217802634
28,22,34.12052395860322
28,23,34.155581357302495
28,24,34.98418246175767
28,25,34.65787300955065
28,26,34.73273848143661
28,27,34.94196349487527
28,28,35.56876123516976
28,29,35.106152035384106
28,30,35.32762303596418
28,31,34.92910358545902
28,32,35.752618954441346
28,33,35.693180896220824
28,34,34.676095871658184
28,35,34.97215515434946
28,36,34.86866398673901
28,37,34.19404643196493
28,38,34.41989037092104
28,39,33.737016228997845
28,40,33.95274760455276
28,41,33.71682450824052
28,42,32.95982242622405
28,43,32.664887818263054
28,44,32.49889522847163
28,45,31.935284529553396
28,46,32.02181993364278
28,47,31.242938323927707
28,48,30.837683720359784
28,49,30.610691191899576
28,50,30.40907704396456
28,51,29.443386755383244
28,52,29.001614116168486
28,53,28.750687430917573
28,54,28.35622996891374
28,55,27.78372020506349
28,56,27.35766004429489
28,57,26.666127091547093
28,58,26.680514427805498
28,59,26.321713669784987
29,0,24.99075202145221
29,1,25.527255039753815
29,2,26.41207607434264
29,3,26.45220129859493
29,4,27.13652126872316
29,5,27.358053066610115
29,6,27.933554823775808
29,7,28.100261922636186
29,8,28.917946478560488
29,9,28.740893658330698
29,10,29.76145614712537
29,11,29.866603246197478
29,12,30.469842178426024
29,13,30.485438284894578
29,14,31.251829716716383
29,15,31.731550479530707
29,16,31.528977758895905
29,17,32.535417163776735
29,18,33.02924609275809
29,19,32.72391862454993
29,20,33.005046446276495
29,21,33.23316097919644
29,22,34.09918680109405
29,23,33.84653083311944
29,24,33.80747292613156
29,25,34.07820292210117
29,26,34.22947139667499
29,27,34.48861324192673
29,28,34.50934585298799
29,29,34.4949578934025
29,30,34.889715564590404
29,31,34.56773239470495
29,32,35.101864866358426
29,33,34.533921951972204
29,34,34.96841067044469
29,35,34.865017571247314
29,36,34.599393180108315
29,37,34.08734176062655
29,38,34.00163718568376
29,39,33.98490452707868
29,40,32.92786018308797
29,41,33.03109482062518
29,42,32.31120507567171
29,43,32.16958354635642
29,44,31.63286968116164
29,45,32.068965813969804
29,46,30.77497696146492
29,47,30.432397894840793
29,48,30.90977973217966
29,49,30.449750876621184
29,50,30.106197403328103
29,51,29.101641155126504
29,52,29.03965230174565
29,53,28.252087996662908
29,54,27.596099327056194
29,55,27.688856696275913
29,56,27.49694154569424
29,57,26.76981268267012
29,58,25.68972324452079
29,59,25.910238728840575
